index,Weq,WCooke
1,5.88,19.25221
2,5.88,1.71148
3,5.88,0.0
4,5.88,21.95553
5,5.88,8.28953
6,5.88,8.99629
7,5.88,0.0
8,5.88,4.01285
9,5.88,0.0
10,5.88,19.99895
11,5.88,6.06716
12,5.88,4.31357
13,5.88,0.0
14,5.88,0.0
15,5.88,0.0
16,5.88,0.0
17,5.88,5.40243
